

INSERT INTO courses (course_code, name, subject, book, number_lectures, teacher, place)
VALUES 
    ('C001', 'Introduction to Programming', 'Computer Science', 'Programming Textbook', 30, 'Prof. Johnson', 'Room 101'),
    ('C002', 'Data Structures and Algorithms', 'Computer Science', 'DS&A Textbook', 45, 'Prof. Smith', 'Room 202'),
    ('C003', 'Database Management Systems', 'Computer Science', 'DBMS Textbook', 40, 'Prof. Davis', 'Room 303'),
    ('C004', 'Software Engineering', 'Computer Science', 'Software Engineering Textbook', 35, 'Prof. Thompson', 'Room 404'),
    ('C005', 'Operating Systems', 'Computer Science', 'OS Textbook', 30, 'Prof. Anderson', 'Room 505'),
    ('C006', 'Computer Networks', 'Computer Science', 'Networking Textbook', 45, 'Prof. Wilson', 'Room 606'),
    ('C007', 'Digital Logic Design', 'Computer Engineering', 'Digital Logic Textbook', 30, 'Prof. Hernandez', 'Room 707'),
    ('C008', 'Microprocessors and Assembly Language', 'Computer Engineering', 'Microprocessors Textbook', 45, 'Prof. Taylor', 'Room 808'),
    ('C009', 'Computer Architecture', 'Computer Engineering', 'Computer Architecture Textbook', 30, 'Prof. Martinez', 'Room 909'),
    ('C010', 'Embedded Systems', 'Computer Engineering', 'Embedded Systems Textbook', 40, 'Prof. Brown', 'Room 1010'),
    ('C011', 'Introduction to Engineering', 'Engineering', 'Engineering Textbook', 30, 'Prof. Johnson', 'Room 101'),
    ('C012', 'Mechanical Engineering Principles', 'Mechanical Engineering', 'Mechanical Engineering Textbook', 45, 'Prof. Smith', 'Room 202'),
    ('C013', 'Civil Engineering Fundamentals', 'Civil Engineering', 'Civil Engineering Textbook', 40, 'Prof. Davis', 'Room 303'),
    ('C014', 'Electrical Engineering Basics', 'Electrical Engineering', 'Electrical Engineering Textbook', 35, 'Prof. Thompson', 'Room 404');




INSERT INTO students (student_number, full_name, mobile, gender, living, department, majoring)
VALUES
  ('S001', 'John Doe', '0591234567', 'Male', 'Dormitory', 'Computer', 'Computer Science'),
  ('S002', 'Jane Smith', '0592345678', 'Female', 'Off-Campus', 'Computer', 'Computer Science'),
  ('S003', 'David Johnson', '0593456789', 'Male', 'Dormitory', 'Computer', 'Computer Science'),
  ('S004', 'Emily Davis', '0594567890', 'Female', 'Dormitory', 'Engineering', 'Computer Engineering'),
  ('S005', 'Michael Wilson', '0595678901', 'Male', 'Off-Campus', 'Engineering', 'Computer Engineering'),
  ('S006', 'Sarah Brown', '0596789012', 'Female', 'Dormitory', 'Engineering', 'Computer Engineering'),
  ('S007', 'Robert Taylor', '0597890123', 'Male', 'Off-Campus', 'Computer', 'Computer Science'),
  ('S008', 'Jessica Clark', '0598901234', 'Female', 'Off-Campus', 'Computer', 'Computer Science'),
  ('S009', 'Daniel Martinez', '0599012345', 'Male', 'Dormitory', 'Computer', 'Computer Science'),
  ('S010', 'Olivia Anderson', '0590123456', 'Female', 'Off-Campus', 'Computer', 'Computer Science'),
  ('S011', 'Liam Hernandez', '0591234567', 'Male', 'Dormitory', 'Computer', 'Computer Science'),
  ('S012', 'Amany Hernandez', '0592345678', 'Female', 'Off-Campus', 'Computer', 'Computer Science'),
  ('S013', 'Ola Martinez', '0593456789', 'Male', 'Dormitory', 'Computer', 'Computer Science'),
  ('S014', 'Nour Thompson', '0594567890', 'Female', 'Off-Campus', 'Engineering', 'Computer Engineering'),
  ('S015', 'Jackson Smith', '0595678901', 'Male', 'Dormitory', 'Computer', 'Process Computer Science'),
  ('S016', 'Amany Johnson', '0596789012', 'Female', 'Off-Campus', 'Computer', 'Computer Science'),
  ('S017', 'Lucas Thompson', '0597890123', 'Male', 'Dormitory', 'Computer', 'Computer Science'),
  ('S018', 'Lina Taylor', '0598901234', 'Female', 'Off-Campus', 'Engineering', 'Computer Engineering'),
  ('S019', 'Jackson Brown', '0599012345', 'Male', 'Dormitory', 'Computer', 'Computer Science'),
  ('S020', 'Ella Wilson', '0590123456', 'Female', 'Off-Campus', 'Engineering', 'Computer Engineering'),
  ('S021', 'Liam Anderson', '0591234567', 'Male', 'Dormitory', 'Computer', 'Computer Science'),
  ('S022', 'Emma Hernandez', '0592345678', 'Female', 'Off-Campus', 'Engineering', 'Computer Engineering'),
  ('S023', 'Noah Martinez', '0593456789', 'Male', 'Dormitory', 'Computer', 'Computer Science'),
  ('S024', 'Isabella Thompson', '0594567890', 'Female', 'Off-Campus', 'Computer', 'Computer Science'),
  ('S025', 'Mason Smith', '0595678901', 'Male', 'Dormitory', 'Computer', 'Computer Science'),
  ('S026', 'Sophia Johnson', '0596789012', 'Female', 'Off-Campus', 'Computer', 'Computer Science'),
  ('S027', 'Lucas Davis', '0597890123', 'Male', 'Dormitory', 'Computer', 'Computer Science'),
  ('S028', 'Ava Taylor', '0598901234', 'Female', 'Off-Campus', 'Computer', 'Computer Science'),
  ('S029', 'Jackson Taylor', '0599012345', 'Male', 'Dormitory', 'Computer', 'Computer Science'),
  ('S030', 'Ella Davis', '0590123456', 'Female', 'Off-Campus', 'Computer', 'Computer Science'),
  ('S031', 'Liam Johnson', '0591234567', 'Male', 'Dormitory', 'Computer', 'Computer Science'),
  ('S032', 'Ella Smith', '0592345678', 'Female', 'Off-Campus', 'Computer', 'Computer Science'),
  ('S033', 'Mason Davis', '0593456789', 'Male', 'Dormitory', 'Engineering', 'Mechanical Engineering'),
  ('S034', 'Sophia Bahlol', '0594567890', 'Female', 'Off-Campus', 'Engineering', 'Mechanical Engineering'),
  ('S035', 'Sophia Ali', '0595678901', 'Male', 'Dormitory', 'Engineering', 'Mechanical Engineering'),
  ('S036', 'Olivia Smith', '0596789012', 'Female', 'Off-Campus', 'Computer', 'Computer Science'),
  ('S037', 'Noah Davis', '0597890123', 'Male', 'Dormitory', 'Engineering', 'Mechanical Engineering'),
  ('S038', 'Emma Wilson', '0598901234', 'Female', 'Off-Campus', 'Engineering', 'Computer Engineering'),
  ('S039', 'Liam Martinez', '0599012345', 'Male', 'Dormitory', 'Engineering', 'Computer Engineering'),
  ('S040', 'Sophia Anderson', '0590123456', 'Female', 'Off-Campus', 'Engineering', 'Computer Engineering'),
  ('S041', 'Lucas Johnson', '0591234567', 'Male', 'Dormitory', 'Engineering', 'Computer Engineering'),
  ('S042', 'Ava Davis', '0592345678', 'Female', 'Off-Campus', 'Engineering', 'Mechanical Engineering'),
  ('S043', 'Jackson Wilson', '0593456789', 'Male', 'Dormitory', 'Engineering', 'Computer Engineering'),
  ('S044', 'Oliver Smith', '0594567890', 'Male', 'Dormitory', 'Engineering', 'Computer Engineering'),
  ('S045', 'Sophia Taylor', '0595678901', 'Female', 'Off-Campus', 'Engineering', 'Computer Engineering'),
  ('S046', 'Lucas Anderson', '0596789012', 'Male', 'Dormitory', 'Engineering', 'Mechanical Engineering'),
  ('S047', 'Isabella Davis', '0597890123', 'Female', 'Off-Campus', 'Engineering', 'Computer Engineering'),
  ('S048', 'Elijah Thompson', '0598901234', 'Male', 'Dormitory', 'Engineering', 'Computer Engineering'),
  ('S049', 'Mia Hernandez', '0599012345', 'Female', 'Off-Campus', 'Engineering', 'Mechanical Engineering'),
  ('S050', 'Aiden Smith', '0590123456', 'Male', 'Dormitory', 'Engineering', 'Computer Engineering'),
  ('S068', 'Ella Johnson', '0591234567', 'Female', 'Off-Campus', 'Engineering', 'Computer Engineering'),
  ('S069', 'Henry Wilson', '0592345678', 'Male', 'Dormitory', 'Computer', 'Computer Science'),
  ('S070', 'Scarlett Davis', '0593456789', 'Female', 'Off-Campus', 'Engineering', 'Computer Engineering'),
  ('S071', 'Gabriel Smith', '0594567890', 'Male', 'Dormitory', 'Engineering', 'Mechanical Engineering'),
  ('S072', 'Victoria Anderson', '0595678901', 'Female', 'Off-Campus', 'Engineering', 'Computer Engineering'),
  ('S073', 'Samuel Thompson', '0596789012', 'Male', 'Dormitory', 'Engineering', 'Computer Engineering'),
  ('S074', 'Madison Johnson', '0597890123', 'Female', 'Off-Campus', 'Engineering', 'Computer Engineering'),
  ('S075', 'Daniel Davis', '0598901234', 'Male', 'Dormitory', 'Engineering', 'Mechanical Engineering'),
  ('S076', 'Elizabeth Smith', '0599012345', 'Female', 'Off-Campus', 'Engineering', 'Computer Engineering'),
  ('S077', 'Joseph Wilson', '0590123456', 'Male', 'Dormitory', 'Engineering', 'Computer Engineering'),
  ('S078', 'Penelope Anderson', '0591234567', 'Female', 'Off-Campus', 'Engineering', 'Mechanical Engineering');





INSERT INTO assistants (assistant_number, full_name, gender, living, department, mobile, password)
VALUES 
    ('1901', 'Osama R. Al Zayan', 'Male', 'Dormitory', 'Engineering', '0595422324', 'password5'),
    ('1902', 'Rasha E. Kahil', 'Female', 'Off-Campus', 'Computer', '0591236547', 'password6'),
    ('1903', 'Ahmed I. Salah', 'Male', 'Dormitory', 'Engineering', '0595678223', 'password7'),
    ('1904', 'Ali M. Harb', 'Male', 'Off-Campus', 'Engineering', '0592992123', 'password8');




INSERT INTO lectures (course_code, title, place, day, date, hour_from, hour_to)
VALUES 
    ('C001', 'Introduction Lecture', 'Room 101', 'Monday', '2023-05-25 09:00:00', '09:00:00', '10:30:00'),
    ('C002', 'Data Structures Lecture', 'Room 202', 'Tuesday', '2023-05-26 10:00:00', '10:00:00', '11:30:00'),
    ('C003', 'Database Management Lecture', 'Room 303', 'Wednesday', '2023-05-27 11:00:00', '11:00:00', '12:30:00'),
    ('C004', 'Software Engineering Lecture', 'Room 404', 'Thursday', '2023-05-28 12:00:00', '12:00:00', '13:30:00'),
    ('C005', 'Operating Systems Lecture', 'Room 505', 'Friday', '2023-05-29 13:00:00', '13:00:00', '14:30:00'),
    ('C006', 'Computer Networks Lecture', 'Room 606', 'Saturday', '2023-05-30 14:00:00', '14:00:00', '15:30:00'),
    ('C007', 'Digital Logic Design Lecture', 'Room 707', 'Sunday', '2023-05-31 15:00:00', '15:00:00', '16:30:00'),
    ('C008', 'Microprocessors Lecture', 'Room 808', 'Monday', '2023-06-01 16:00:00', '16:00:00', '17:30:00'),
    ('C009', 'Computer Architecture Lecture', 'Room 909', 'Tuesday', '2023-06-02 17:00:00', '17:00:00', '18:30:00'),
    ('C010', 'Embedded Systems Lecture', 'Room 1010', 'Wednesday', '2023-06-03 09:00:00', '09:00:00', '10:30:00'),
    ('C011', 'Introduction to Engineering Lecture', 'Room 101', 'Thursday', '2023-06-04 10:00:00', '10:00:00', '11:30:00'),
    ('C012', 'Mechanical Engineering Principles Lecture', 'Room 202', 'Friday', '2023-06-05 11:00:00', '11:00:00', '12:30:00'),
    ('C013', 'Civil Engineering Fundamentals Lecture', 'Room 303', 'Saturday', '2023-06-06 12:00:00', '12:00:00', '13:30:00'),
    ('C014', 'Electrical Engineering Basics Lecture', 'Room 404', 'Sunday', '2023-06-07 13:00:00', '13:00:00', '14:30:00'),
    ('C001', 'Introduction Lecture', 'Room 101', 'Monday', '2023-06-08 14:00:00', '14:00:00', '15:30:00'),
    ('C002', 'Data Structures Lecture', 'Room 202', 'Tuesday', '2023-06-09 15:00:00', '15:00:00', '16:30:00'),
    ('C003', 'Database Management Lecture', 'Room 303', 'Wednesday', '2023-06-10 16:00:00', '16:00:00', '17:30:00'),
    ('C004', 'Software Engineering Lecture', 'Room 404', 'Thursday', '2023-06-11 17:00:00', '17:00:00', '18:30:00'),
    ('C005', 'Operating Systems Lecture', 'Room 505', 'Friday', '2023-06-12 09:00:00', '09:00:00', '10:30:00'),
    ('C006', 'Computer Networks Lecture', 'Room 606', 'Saturday', '2023-06-13 10:00:00', '10:00:00', '11:30:00'),
    ('C007', 'Digital Logic Design Lecture', 'Room 707', 'Sunday', '2023-06-14 11:00:00', '11:00:00', '12:30:00');


INSERT INTO students_courses (student_number, course_code, status)
VALUES
  ('S001', 'C001', 'Registered'),
  ('S002', 'C001', 'Registered'),
  ('S003', 'C001', 'Registered'),
  ('S004', 'C001', 'Registered'),
  ('S005', 'C001', 'Registered'),
  ('S006', 'C001', 'Registered'),
  ('S007', 'C001', 'Registered'),
  ('S008', 'C001', 'Registered'),
  ('S009', 'C001', 'Registered'),
  ('S010', 'C001', 'Registered'),
  ('S011', 'C001', 'Registered'),
  ('S012', 'C001', 'Registered'),
  ('S013', 'C001', 'Registered'),
  ('S014', 'C001', 'Registered'),
  ('S015', 'C001', 'Registered'),
  ('S016', 'C001', 'Registered'),
  ('S017', 'C001', 'Registered'),
  ('S018', 'C001', 'Registered'),
  ('S019', 'C001', 'Registered'),
  ('S020', 'C001', 'Registered'),
  ('S021', 'C001', 'Registered'),
  ('S022', 'C001', 'Registered'),
  ('S023', 'C001', 'Registered'),
  ('S024', 'C001', 'Registered'),
  ('S025', 'C001', 'Registered'),
  ('S026', 'C001', 'Registered'),
  ('S027', 'C001', 'Registered'),
  ('S028', 'C001', 'Registered'),
  ('S029', 'C001', 'Registered'),
  ('S030', 'C001', 'Registered'),
  ('S031', 'C001', 'Registered'),
  ('S032', 'C001', 'Registered'),
  ('S033', 'C001', 'Registered'),
  ('S034', 'C001', 'Registered'),
  ('S035', 'C001', 'Registered'),
  ('S036', 'C001', 'Registered'),
  ('S037', 'C001', 'Registered'),
  ('S038', 'C001', 'Registered'),
  ('S039', 'C001', 'Registered'),
  ('S040', 'C001', 'Registered'),
  ('S041', 'C001', 'Registered'),
  ('S042', 'C001', 'Registered'),
  ('S043', 'C001', 'Registered'),
  ('S044', 'C001', 'Registered'),
  ('S045', 'C001', 'Registered'),
  ('S046', 'C001', 'Registered'),
  ('S047', 'C001', 'Registered'),
  ('S048', 'C001', 'Registered'),
  ('S049', 'C001', 'Registered'),
  ('S050', 'C001', 'Registered'),
  ('S068', 'C001', 'Registered'),
  ('S069', 'C001', 'Registered'),
  ('S070', 'C001', 'Registered'),
  ('S071', 'C001', 'Registered'),
  ('S072', 'C001', 'Registered'),
  ('S073', 'C001', 'Registered'),
  ('S074', 'C001', 'Registered'),
  ('S075', 'C001', 'Registered'),
  ('S076', 'C001', 'Registered'),
  ('S077', 'C001', 'Registered'),
  ('S078', 'C001', 'Registered');
INSERT INTO students_courses (student_number, course_code, status)
VALUES
  ('S001', 'C002', 'Registered'),
  ('S002', 'C002', 'Registered'),
  ('S003', 'C002', 'Registered'),
  ('S004', 'C002', 'Registered'),
  ('S005', 'C002', 'Registered'),
  ('S006', 'C002', 'Registered'),
  ('S007', 'C002', 'Registered'),
  ('S008', 'C002', 'Registered'),
  ('S009', 'C002', 'Registered'),
  ('S010', 'C002', 'Registered'),
  ('S011', 'C002', 'Registered'),
  ('S012', 'C002', 'Registered'),
  ('S013', 'C002', 'Registered'),
  ('S014', 'C002', 'Registered'),
  ('S015', 'C002', 'Registered'),
  ('S016', 'C002', 'Registered'),
  ('S017', 'C002', 'Registered'),
  ('S018', 'C002', 'Registered'),
  ('S019', 'C002', 'Registered'),
  ('S020', 'C002', 'Registered'),
  ('S021', 'C002', 'Registered'),
  ('S022', 'C002', 'Registered'),
  ('S023', 'C002', 'Registered'),
  ('S024', 'C002', 'Registered'),
  ('S025', 'C002', 'Registered'),
  ('S026', 'C002', 'Registered'),
  ('S027', 'C002', 'Registered'),
  ('S028', 'C002', 'Registered'),
  ('S029', 'C002', 'Registered'),
  ('S030', 'C002', 'Registered'),
  ('S031', 'C002', 'Registered'),
  ('S032', 'C002', 'Registered'),
  ('S033', 'C002', 'Registered'),
  ('S034', 'C002', 'Registered'),
  ('S035', 'C002', 'Registered'),
  ('S036', 'C002', 'Registered'),
  ('S037', 'C002', 'Registered'),
  ('S038', 'C002', 'Registered');
INSERT INTO students_courses (student_number, course_code, status)
VALUES
  ('S001', 'C003', 'Registered'),
  ('S002', 'C003', 'Registered'),
  ('S003', 'C003', 'Registered'),
  ('S004', 'C003', 'Registered'),
  ('S005', 'C003', 'Registered'),
  ('S006', 'C003', 'Registered'),
  ('S007', 'C003', 'Registered'),
  ('S008', 'C003', 'Registered'),
  ('S009', 'C003', 'Registered'),
  ('S010', 'C003', 'Registered'),
  ('S011', 'C003', 'Registered'),
  ('S012', 'C003', 'Registered'),
  ('S013', 'C003', 'Registered'),
  ('S014', 'C003', 'Registered'),
  ('S015', 'C003', 'Registered'),
  ('S016', 'C003', 'Registered'),
  ('S017', 'C003', 'Registered'),
  ('S018', 'C003', 'Registered'),
  ('S019', 'C003', 'Registered'),
  ('S020', 'C003', 'Registered'),
  ('S021', 'C003', 'Registered'),
  ('S022', 'C003', 'Registered'),
  ('S023', 'C003', 'Registered'),
  ('S024', 'C003', 'Registered'),
  ('S025', 'C003', 'Registered'),
  ('S026', 'C003', 'Registered'),
  ('S027', 'C003', 'Registered'),
  ('S028', 'C003', 'Registered'),
  ('S029', 'C003', 'Registered'),
  ('S030', 'C003', 'Registered'),
  ('S031', 'C003', 'Registered'),
  ('S032', 'C003', 'Registered'),
  ('S033', 'C003', 'Registered'),
  ('S034', 'C003', 'Registered'),
  ('S035', 'C003', 'Registered'),
  ('S036', 'C003', 'Registered'),
  ('S037', 'C003', 'Registered'),
  ('S038', 'C003', 'Registered');
INSERT INTO students_courses (student_number, course_code, status)
VALUES
  ('S001', 'C004', 'Registered'),
  ('S002', 'C004', 'Registered'),
  ('S003', 'C004', 'Registered'),
  ('S004', 'C004', 'Registered'),
  ('S005', 'C004', 'Registered'),
  ('S006', 'C004', 'Registered'),
  ('S007', 'C004', 'Registered'),
  ('S008', 'C004', 'Registered'),
  ('S009', 'C004', 'Registered'),
  ('S010', 'C004', 'Registered'),
  ('S011', 'C004', 'Registered'),
  ('S012', 'C004', 'Registered'),
  ('S013', 'C004', 'Registered'),
  ('S014', 'C004', 'Registered'),
  ('S015', 'C004', 'Registered'),
  ('S016', 'C004', 'Registered'),
  ('S017', 'C004', 'Registered'),
  ('S018', 'C004', 'Registered'),
  ('S019', 'C004', 'Registered'),
  ('S020', 'C004', 'Registered'),
  ('S021', 'C004', 'Registered'),
  ('S022', 'C004', 'Registered'),
  ('S023', 'C004', 'Registered'),
  ('S024', 'C004', 'Registered'),
  ('S025', 'C004', 'Registered'),
  ('S026', 'C004', 'Registered'),
  ('S027', 'C004', 'Registered'),
  ('S028', 'C004', 'Registered'),
  ('S029', 'C004', 'Registered'),
  ('S030', 'C004', 'Registered'),
  ('S031', 'C004', 'Registered'),
  ('S032', 'C004', 'Registered'),
  ('S033', 'C004', 'Registered'),
  ('S034', 'C004', 'Registered'),
  ('S035', 'C004', 'Registered'),
  ('S036', 'C004', 'Registered'),
  ('S037', 'C004', 'Registered'),
  ('S038', 'C004', 'Registered');



INSERT INTO assistants_courses (code, assistant_number) values
('C001', '1901'),
('C002', '1901'),
('C003', '1901'),
('C004', '1901'),
('C005', '1902'),
('C006', '1902'),
('C007', '1902'),
('C008', '1902'),
('C009', '1903'),
('C010', '1903'),
('C011', '1903'),
('C012', '1904'),
('C013', '1904'),
('C014', '1904');

